{"cameraMode":{"drawMode":0,"name":"Shaded","section":"Shading Mode"},"sceneLighting":true,"audioPlay":false,"sceneViewState":{"m_AlwaysRefresh":false,"showFog":true,"showSkybox":true,"showFlares":true,"showImageEffects":true,"showParticleSystems":true,"showVisualEffectGraphs":true,"m_FxEnabled":true},"in2DMode":false,"pivot":{"x":13.034459114074707,"y":-21.476320266723634,"z":14.707958221435547},"rotation":{"x":0.6424869298934937,"y":-0.010348072275519371,"z":0.008676724508404732,"w":0.7661817669868469},"size":23.291118621826173,"orthographic":false}