{"cameraMode":{"drawMode":0,"name":"Shaded","section":"Shading Mode"},"sceneLighting":true,"audioPlay":false,"sceneViewState":{"m_AlwaysRefresh":false,"showFog":true,"showSkybox":true,"showFlares":true,"showImageEffects":true,"showParticleSystems":true,"showVisualEffectGraphs":true,"m_FxEnabled":true},"in2DMode":false,"pivot":{"x":2.903715133666992,"y":-8.248676300048829,"z":26.066879272460939},"rotation":{"x":0.13784974813461305,"y":-0.017831774428486825,"z":0.0024817236699163915,"w":0.9902936816215515},"size":15.537153244018555,"orthographic":false}