{"cameraMode":{"drawMode":0,"name":"Shaded","section":"Shading Mode"},"sceneLighting":true,"audioPlay":false,"sceneViewState":{"m_AlwaysRefresh":false,"showFog":true,"showSkybox":true,"showFlares":true,"showImageEffects":true,"showParticleSystems":true,"showVisualEffectGraphs":true,"m_FxEnabled":true},"in2DMode":false,"pivot":{"x":9.307226181030274,"y":-20.081684112548829,"z":19.223896026611329},"rotation":{"x":0.5653212666511536,"y":-0.14771567285060883,"z":0.10374980419874191,"w":0.8048807382583618},"size":15.93427848815918,"orthographic":false}