{"cameraMode":{"drawMode":0,"name":"Shaded","section":"Shading Mode"},"sceneLighting":true,"audioPlay":false,"sceneViewState":{"m_AlwaysRefresh":false,"showFog":true,"showSkybox":true,"showFlares":true,"showImageEffects":true,"showParticleSystems":true,"showVisualEffectGraphs":true,"m_FxEnabled":true},"in2DMode":false,"pivot":{"x":7.992684364318848,"y":-0.1419210433959961,"z":27.242496490478517},"rotation":{"x":0.11791698634624481,"y":-0.10111036896705628,"z":0.012069415301084519,"w":0.9877927303314209},"size":16.611207962036134,"orthographic":false}