{"cameraMode":{"drawMode":0,"name":"Shaded","section":"Shading Mode"},"sceneLighting":true,"audioPlay":false,"sceneViewState":{"m_AlwaysRefresh":false,"showFog":true,"showSkybox":true,"showFlares":true,"showImageEffects":true,"showParticleSystems":true,"showVisualEffectGraphs":true,"m_FxEnabled":true},"in2DMode":false,"pivot":{"x":11.067015647888184,"y":-21.887094497680665,"z":11.995084762573243},"rotation":{"x":0.6539192795753479,"y":-0.009082208387553692,"z":0.007850080728530884,"w":0.7564738392829895},"size":23.402088165283204,"orthographic":false}