{"cameraMode":{"drawMode":0,"name":"Shaded","section":"Shading Mode"},"sceneLighting":true,"audioPlay":false,"sceneViewState":{"m_AlwaysRefresh":false,"showFog":true,"showSkybox":true,"showFlares":true,"showImageEffects":true,"showParticleSystems":true,"showVisualEffectGraphs":true,"m_FxEnabled":true},"in2DMode":false,"pivot":{"x":11.342647552490235,"y":-5.0977325439453129,"z":16.625022888183595},"rotation":{"x":0.5425494909286499,"y":0.054095856845378879,"z":-0.03503772243857384,"w":0.8375563025474548},"size":12.575359344482422,"orthographic":false}