{"cameraMode":{"drawMode":0,"name":"Shaded","section":"Shading Mode"},"sceneLighting":false,"audioPlay":false,"sceneViewState":{"m_AlwaysRefresh":false,"showFog":true,"showSkybox":false,"showFlares":true,"showImageEffects":true,"showParticleSystems":true,"showVisualEffectGraphs":true,"m_FxEnabled":true},"in2DMode":false,"pivot":{"x":2.7611918449401857,"y":0.896420955657959,"z":4.273938179016113},"rotation":{"x":0.04969588667154312,"y":0.4964950382709503,"z":-0.028485098853707315,"w":0.8661513924598694},"size":1.2339873313903809,"orthographic":false}