{"cameraMode":{"drawMode":0,"name":"Shaded","section":"Shading Mode"},"sceneLighting":false,"audioPlay":false,"sceneViewState":{"m_AlwaysRefresh":false,"showFog":true,"showSkybox":false,"showFlares":true,"showImageEffects":true,"showParticleSystems":true,"showVisualEffectGraphs":true,"m_FxEnabled":true},"in2DMode":false,"pivot":{"x":0.3902139663696289,"y":0.9392411708831787,"z":5.209050178527832},"rotation":{"x":0.023997526615858079,"y":-0.6104686260223389,"z":0.01851101778447628,"w":0.7914630770683289},"size":3.761106252670288,"orthographic":false}