{"cameraMode":{"drawMode":0,"name":"Shaded","section":"Shading Mode"},"sceneLighting":false,"audioPlay":false,"sceneViewState":{"m_AlwaysRefresh":false,"showFog":true,"showSkybox":false,"showFlares":true,"showImageEffects":true,"showParticleSystems":true,"showVisualEffectGraphs":true,"m_FxEnabled":true},"in2DMode":false,"pivot":{"x":-0.2658480405807495,"y":1.7766278982162476,"z":0.27171340584754946},"rotation":{"x":-0.00869735237210989,"y":0.25716719031333926,"z":0.002315294463187456,"w":0.9663271903991699},"size":1.7183948755264283,"orthographic":true}