{"cameraMode":{"drawMode":0,"name":"Shaded","section":"Shading Mode"},"sceneLighting":false,"audioPlay":false,"sceneViewState":{"m_AlwaysRefresh":false,"showFog":true,"showSkybox":false,"showFlares":true,"showImageEffects":true,"showParticleSystems":true,"showVisualEffectGraphs":true,"m_FxEnabled":true},"in2DMode":false,"pivot":{"x":-0.16697776317596436,"y":0.47331365942955019,"z":-0.6378731727600098},"rotation":{"x":0.011774354614317418,"y":-0.9757088422775269,"z":0.054207295179367068,"w":0.21194380521774293},"size":1.3344323635101319,"orthographic":false}